id,type,status,tier,title,price,price_display,bedrooms,bathrooms,garage,garden,pool,pet_friendly,property_type,suburb,city,province,description,imageUrl,image2,image3,agent_name,agent_phone,agent_agency,featured,date_listed
HC001,sale,active,enhanced,Architect-Designed Sandton Mansion,4850000,"R 4,850,000",4,4,3,yes,yes,yes,house,Sandton,Johannesburg,Gauteng,"Striking double-storey residence with floor-to-ceiling glass, designer pool and landscaped grounds. Walking distance to Sandton CBD.",https://res.cloudinary.com/dkn6tnxao/image/upload/c_fill/w_900/h_600/q_auto/f_auto/homesconnect/property-04-sandton-mansion.jpg,https://res.cloudinary.com/dkn6tnxao/image/upload/c_fill/w_900/h_600/q_auto/f_auto/homesconnect/property-06-cpt-mountain.jpg,https://res.cloudinary.com/dkn6tnxao/image/upload/c_fill/w_900/h_600/q_auto/f_auto/homesconnect/property-02-bushveld-lodge.jpg,Sarah Mokoena,0821234567,Mokoena Properties,yes,2026-05-12
HC002,sale,active,basic,Family Home in Faerie Glen,2100000,"R 2,100,000",3,2,2,yes,no,yes,house,Faerie Glen,Pretoria,Gauteng,"Sun-filled face-brick home in a quiet cul-de-sac. Open-plan living, large garden, close to top schools.",https://res.cloudinary.com/dkn6tnxao/image/upload/c_fill/w_900/h_600/q_auto/f_auto/homesconnect/property-01-karoo-farmhouse.jpg,,,Pieter van der Merwe,0834567890,PVDM Realty,no,2026-05-10
HC003,rent,active,basic,Modern 3-Bed in Garsfontein,13500,"R 13,500/mo",3,2,2,yes,no,yes,house,Garsfontein,Pretoria,Gauteng,Neat lock-up-and-go family home in a secure boomed area. Available 1 June.,https://res.cloudinary.com/dkn6tnxao/image/upload/c_fill/w_900/h_600/q_auto/f_auto/homesconnect/property-01-karoo-farmhouse.jpg,,,Lerato Dube,0845678901,Capital Letting,no,2026-05-08
HC004,sale,active,basic,Midrand Townhouse Move-In Ready,1450000,"R 1,450,000",2,2,1,no,no,no,townhouse,Carlswald,Midrand,Gauteng,Bright modern townhouse in a secure complex with pool and clubhouse.,https://res.cloudinary.com/dkn6tnxao/image/upload/c_fill/w_900/h_600/q_auto/f_auto/homesconnect/property-04-sandton-mansion.jpg,,,Thabo Sithole,0826543210,Sithole Properties,no,2026-05-09
HC005,sale,active,enhanced,Family Home in Centurion,1800000,"R 1,800,000",3,2,2,yes,no,yes,house,Eldoraigne,Centurion,Gauteng,"Established family home with separate flatlet, ideal for extended family or rental income.",https://res.cloudinary.com/dkn6tnxao/image/upload/c_fill/w_900/h_600/q_auto/f_auto/homesconnect/property-01-karoo-farmhouse.jpg,,,Pieter van der Merwe,0834567890,PVDM Realty,no,2026-05-07
HC006,sale,active,agency,Bryanston Executive Residence,3500000,"R 3,500,000",4,3,2,yes,yes,yes,house,Bryanston,Sandton,Gauteng,Generous family living with entertainment patio overlooking pool and koi pond.,https://res.cloudinary.com/dkn6tnxao/image/upload/c_fill/w_900/h_600/q_auto/f_auto/homesconnect/property-04-sandton-mansion.jpg,https://res.cloudinary.com/dkn6tnxao/image/upload/c_fill/w_900/h_600/q_auto/f_auto/homesconnect/property-06-cpt-mountain.jpg,,Sarah Mokoena,0821234567,Mokoena Properties,yes,2026-05-11
HC007,rent,active,basic,Fourways Apartment with Views,12000,"R 12,000/mo",2,2,1,no,yes,no,apartment,Fourways,Sandton,Gauteng,"Sleek apartment in a security complex with gym, pool and concierge.",https://res.cloudinary.com/dkn6tnxao/image/upload/c_fill/w_900/h_600/q_auto/f_auto/homesconnect/property-04-sandton-mansion.jpg,,,Lerato Dube,0845678901,Capital Letting,no,2026-05-06
HC008,sale,active,basic,Randburg Townhouse Pet Friendly,1650000,"R 1,650,000",3,2,2,yes,no,yes,townhouse,Ferndale,Randburg,Gauteng,"Spacious end-unit with private garden, ideal for a young family.",https://res.cloudinary.com/dkn6tnxao/image/upload/c_fill/w_900/h_600/q_auto/f_auto/homesconnect/property-01-karoo-farmhouse.jpg,,,Thabo Sithole,0826543210,Sithole Properties,no,2026-05-05
HC009,rent,active,enhanced,Sea Point Apartment with Ocean Views,22500,"R 22,500/mo",2,2,1,no,yes,no,apartment,Sea Point,Cape Town,Western Cape,"Renovated apartment on the Promenade, panoramic Atlantic views, walk to cafes.",https://res.cloudinary.com/dkn6tnxao/image/upload/c_fill/w_900/h_600/q_auto/f_auto/homesconnect/property-06-cpt-mountain.jpg,https://res.cloudinary.com/dkn6tnxao/image/upload/c_fill/w_900/h_600/q_auto/f_auto/homesconnect/property-03-kzn-ocean-modern.jpg,,Marius Joubert,0823344556,Atlantic Letting,no,2026-05-10
HC010,sale,active,enhanced,Cape Dutch Estate in Stellenbosch,3200000,"R 3,200,000",3,3,2,yes,yes,yes,house,Mostertsdrift,Stellenbosch,Western Cape,"Heritage Cape Dutch home with rose garden, mountain views and original yellowwood floors.",https://res.cloudinary.com/dkn6tnxao/image/upload/c_fill/w_900/h_600/q_auto/f_auto/homesconnect/property-05-cape-dutch.jpg,https://res.cloudinary.com/dkn6tnxao/image/upload/c_fill/w_900/h_600/q_auto/f_auto/homesconnect/property-06-cpt-mountain.jpg,,Elsabe Smit,0824455667,Cape Heritage Realty,yes,2026-05-13
HC011,sale,active,basic,Paarl Winelands Family Home,2800000,"R 2,800,000",4,3,2,yes,yes,yes,house,Val de Vie,Paarl,Western Cape,"Modern family home in a secure estate with golf course, vineyards and equestrian centre.",https://res.cloudinary.com/dkn6tnxao/image/upload/c_fill/w_900/h_600/q_auto/f_auto/homesconnect/property-05-cape-dutch.jpg,,,Elsabe Smit,0824455667,Cape Heritage Realty,no,2026-05-09
HC012,sale,active,basic,Durbanville Townhouse,2100000,"R 2,100,000",3,2,2,yes,no,yes,townhouse,Sonstraal,Durbanville,Western Cape,"Light, modern townhouse close to top schools and the wine route.",https://res.cloudinary.com/dkn6tnxao/image/upload/c_fill/w_900/h_600/q_auto/f_auto/homesconnect/property-05-cape-dutch.jpg,,,Marius Joubert,0823344556,Atlantic Letting,no,2026-05-08
HC013,sale,active,basic,Bloubergstrand Beach Apartment,1950000,"R 1,950,000",2,2,1,no,yes,no,apartment,Bloubergstrand,Cape Town,Western Cape,Sunny apartment a short walk to the beach with Table Mountain views.,https://res.cloudinary.com/dkn6tnxao/image/upload/c_fill/w_900/h_600/q_auto/f_auto/homesconnect/property-03-kzn-ocean-modern.jpg,https://res.cloudinary.com/dkn6tnxao/image/upload/c_fill/w_900/h_600/q_auto/f_auto/homesconnect/property-06-cpt-mountain.jpg,,Marius Joubert,0823344556,Atlantic Letting,no,2026-05-07
HC014,rent,active,agency,Camps Bay Luxury Apartment,35000,"R 35,000/mo",3,3,2,no,yes,no,apartment,Camps Bay,Cape Town,Western Cape,"Designer apartment with sea views, infinity pool and 24/7 concierge.",https://res.cloudinary.com/dkn6tnxao/image/upload/c_fill/w_900/h_600/q_auto/f_auto/homesconnect/property-06-cpt-mountain.jpg,https://res.cloudinary.com/dkn6tnxao/image/upload/c_fill/w_900/h_600/q_auto/f_auto/homesconnect/property-03-kzn-ocean-modern.jpg,,Marius Joubert,0823344556,Atlantic Letting,yes,2026-05-12
HC015,sale,active,enhanced,Glenashley Family Home,2250000,"R 2,250,000",3,2,2,yes,yes,yes,house,Glenashley,Durban,KwaZulu-Natal,Subtropical garden home a short drive from the beachfront and uMhlanga Village.,https://res.cloudinary.com/dkn6tnxao/image/upload/c_fill/w_900/h_600/q_auto/f_auto/homesconnect/property-03-kzn-ocean-modern.jpg,,,Naidoo Pillay,0827788990,Coastal Homes,no,2026-05-11
HC016,sale,active,enhanced,Umhlanga Beachside Apartment,2400000,"R 2,400,000",2,2,1,no,yes,no,apartment,Umhlanga Rocks,Umhlanga,KwaZulu-Natal,Modern apartment with direct beach access and panoramic Indian Ocean views.,https://res.cloudinary.com/dkn6tnxao/image/upload/c_fill/w_900/h_600/q_auto/f_auto/homesconnect/property-03-kzn-ocean-modern.jpg,,,Naidoo Pillay,0827788990,Coastal Homes,yes,2026-05-13
HC017,sale,active,agency,Ballito Beachfront Family Home,3100000,"R 3,100,000",4,3,2,yes,yes,yes,house,Ballito,Ballito,KwaZulu-Natal,"Spacious home in Simbithi Eco-Estate, minutes from the sea.",https://res.cloudinary.com/dkn6tnxao/image/upload/c_fill/w_900/h_600/q_auto/f_auto/homesconnect/property-03-kzn-ocean-modern.jpg,https://res.cloudinary.com/dkn6tnxao/image/upload/c_fill/w_900/h_600/q_auto/f_auto/homesconnect/property-04-sandton-mansion.jpg,,Naidoo Pillay,0827788990,Coastal Homes,no,2026-05-09
HC018,sale,active,basic,Hillcrest Family Home,1850000,"R 1,850,000",3,2,2,yes,no,yes,house,Hillcrest,Durban,KwaZulu-Natal,Established family home in a leafy suburb close to top private schools.,https://res.cloudinary.com/dkn6tnxao/image/upload/c_fill/w_900/h_600/q_auto/f_auto/homesconnect/property-01-karoo-farmhouse.jpg,,,Naidoo Pillay,0827788990,Coastal Homes,no,2026-05-08
HC019,rent,active,basic,La Lucia Family Rental,18500,"R 18,500/mo",3,2,2,yes,yes,yes,house,La Lucia,Umhlanga,KwaZulu-Natal,"Family home in a quiet street, walking distance to the beach.",https://res.cloudinary.com/dkn6tnxao/image/upload/c_fill/w_900/h_600/q_auto/f_auto/homesconnect/property-03-kzn-ocean-modern.jpg,,,Naidoo Pillay,0827788990,Coastal Homes,no,2026-05-06
HC020,sale,active,enhanced,Vaalwater Bushveld Retreat,2800000,"R 2,800,000",4,3,2,yes,yes,yes,house,Vaalwater,Vaalwater,Limpopo,"Thatched bushveld home on a private game estate with infinity pool and sundowner deck.",https://res.cloudinary.com/dkn6tnxao/image/upload/c_fill/w_900/h_600/q_auto/f_auto/homesconnect/property-02-bushveld-lodge.jpg,https://res.cloudinary.com/dkn6tnxao/image/upload/c_fill/w_900/h_600/q_auto/f_auto/homesconnect/property-01-karoo-farmhouse.jpg,,Adriaan Botha,0829988776,Waterberg Realty,yes,2026-05-12
HC021,sale,active,basic,Lephalale Family Home,1200000,"R 1,200,000",3,2,2,yes,no,yes,house,Onverwacht,Lephalale,Limpopo,Comfortable family home close to schools and Medupi power station.,https://res.cloudinary.com/dkn6tnxao/image/upload/c_fill/w_900/h_600/q_auto/f_auto/homesconnect/property-01-karoo-farmhouse.jpg,,,Adriaan Botha,0829988776,Waterberg Realty,no,2026-05-07
HC022,sale,active,basic,Modimolle Starter Home,950000,"R 950,000",3,2,1,yes,no,yes,house,Nylstroom,Modimolle,Limpopo,Charming starter home with established garden in town.,https://res.cloudinary.com/dkn6tnxao/image/upload/c_fill/w_900/h_600/q_auto/f_auto/homesconnect/property-01-karoo-farmhouse.jpg,,,Adriaan Botha,0829988776,Waterberg Realty,no,2026-05-05
HC023,sale,active,basic,Port Elizabeth Family Home,1600000,"R 1,600,000",3,2,2,yes,no,yes,house,Walmer,Port Elizabeth,Eastern Cape,Well-loved home minutes from the beachfront and top schools.,https://res.cloudinary.com/dkn6tnxao/image/upload/c_fill/w_900/h_600/q_auto/f_auto/homesconnect/property-01-karoo-farmhouse.jpg,,,Yolanda Naude,0823344667,Bay Realty,no,2026-05-08
HC024,sale,active,basic,Bloemfontein Family Home,1350000,"R 1,350,000",4,2,2,yes,no,yes,house,Langenhoven Park,Bloemfontein,Free State,"Spacious face-brick home in a quiet, established neighbourhood.",https://res.cloudinary.com/dkn6tnxao/image/upload/c_fill/w_900/h_600/q_auto/f_auto/homesconnect/property-01-karoo-farmhouse.jpg,,,Johan Pretorius,0825566778,Free State Homes,no,2026-05-06
HC025,rent,active,basic,Potchefstroom Student Apartment,8500,"R 8,500/mo",2,1,1,no,no,no,apartment,Bult,Potchefstroom,North West,"Secure apartment close to NWU campus, ideal for students or young professionals.",https://res.cloudinary.com/dkn6tnxao/image/upload/c_fill/w_900/h_600/q_auto/f_auto/homesconnect/property-04-sandton-mansion.jpg,,,Johan Pretorius,0825566778,Free State Homes,no,2026-05-04
